<?xml version="1.0" encoding="UTF-8"?><PlanDefinition xmlns="http://hl7.org/fhir"><id value="IMMZDTUmbrella"/><meta><profile value="http://hl7.org/fhir/uv/cpg/StructureDefinition/cpg-strategydefinition"/></meta><extension url="http://hl7.org/fhir/uv/cpg/StructureDefinition/cpg-knowledgeCapability"><valueCode value="computable"/></extension><url value="http://smart.who.int/ig/smart-immunizations-measles/PlanDefinition/IMMZDTUmbrella"/><version value="0.1.0"/><name value="IMMZDTUmbrella"/><title value="IMMZ.DT.Umbrella"/><type><coding><system value="http://terminology.hl7.org/CodeSystem/plan-definition-type"/><code value="workflow-definition"/></coding></type><status value="draft"/><experimental value="false"/><date value="2023-10-24T18:50:15+00:00"/><publisher value="WHO"/><contact><name value="WHO"/><telecom><system value="url"/><value value="http://who.int"/></telecom></contact><description value="If the child or patient has not been given MCV1 (at 9 months) and MCV2 (between 15-18 months) vaccination"/><action><title value="Check Immunizations"/><description value="Check immunization plan definitions to see what is required."/><code><coding><system value="http://hl7.org/fhir/uv/cpg/CodeSystem/cpg-common-process-cs"/><code value="dispense-medications"/></coding></code><selectionBehavior value="all"/><action><title value="Immunize patient for Measles"/><description value="Provide measles immunization"/><code><coding><system value="http://hl7.org/fhir/uv/cpg/CodeSystem/cpg-common-process-cs"/><code value="dispense-medications"/></coding></code><selectionBehavior value="all"/><definitionCanonical value="http://smart.who.int/ig/smart-immunizations-measles/PlanDefinition/IMMZD2DTMeasles"/></action></action></PlanDefinition>