<?xml version="1.0" encoding="UTF-8"?>

<ValueSet xmlns="http://hl7.org/fhir">
  <id value="HIVstatus-values"/>
  <text>
    <status value="generated"/><div xmlns="http://www.w3.org/1999/xhtml"><p>This value set includes codes based on the following rules:</p><ul><li>Include these codes as defined in <a href="http://www.snomed.org/"><code>http://snomed.info/sct</code></a><table class="none"><tr><td style="white-space:nowrap"><b>Code</b></td><td><b>Display</b></td></tr><tr><td><a href="http://snomed.info/id/278977008">278977008</a></td><td>Human immunodeficiency virus status (observable entity)</td></tr></table></li><li>Include these codes as defined in <a href="CodeSystem-ICD11.html"><code>http://id.who.int/icd11/mms</code></a><table class="none"><tr><td style="white-space:nowrap"><b>Code</b></td><td><b>Display</b></td></tr><tr><td><a href="CodeSystem-ICD11.html#ICD11-1C62.46Z">1C62.Z</a></td><td>Human immunodeficiency virus disease without mention of associated disease or condition, clinical stage unspecified</td></tr><tr><td><a href="CodeSystem-ICD11.html#ICD11-MA14.460">MA14.0</a></td><td>Laboratory evidence of human immunodeficiency virus</td></tr></table></li></ul></div>
  </text>
  <url value="http://smart.who.int/ig/smart-immunizations-measles/ValueSet/HIVstatus-values"/>
  <version value="0.1.0"/>
  <name value="HIVstatusvalues"/>
  <title value="HIV status values"/>
  <status value="draft"/>
  <experimental value="false"/>
  <date value="2023-10-24T18:50:15+00:00"/>
  <publisher value="WHO"/>
  <contact>
    <name value="WHO"/>
    <telecom>
      <system value="url"/>
      <value value="http://who.int"/>
    </telecom>
  </contact>
  <description value="Codes representing HIV status values"/>
  <immutable value="true"/>
  <compose>
    <include>
      <system value="http://snomed.info/sct"/>
      <concept>
        <code value="278977008"/>
        <display value="Human immunodeficiency virus status (observable entity)"/>
      </concept>
    </include>
    <include>
      <system value="http://id.who.int/icd11/mms"/>
      <concept>
        <code value="1C62.Z"/>
        <display value="Human immunodeficiency virus disease without mention of associated disease or condition, clinical stage unspecified"/>
      </concept>
      <concept>
        <code value="MA14.0"/>
        <display value="Laboratory evidence of human immunodeficiency virus"/>
      </concept>
    </include>
  </compose>
</ValueSet>